"SortOrder1","Goal","Target","Indicator","Series Code","Series Description","SortOrder2","Country or Area","SIDS","LDC","LLDC","Frequency","Unit","Location","Age Group","Sex","Source Type","1990","FN","1991","FN","1992","FN","1993","FN","1994","FN","1995","FN","1996","FN","1997","FN","1998","FN","1999","FN","2000","FN","2001","FN","2002","FN","2003","FN","2004","FN","2005","FN","2006","FN","2007","FN","2008","FN","2009","FN","2010","FN","2011","FN","2012","FN","2013","FN","2014","FN","2015","FN","2016","FN"
"010101","1","1.1","1.1.1","SI_POV_DAY1","SD                                                                          Proportion of population below the international poverty line of US$1.90 per day","01020300","Latin America and the Caribbean","False","False","False","Annual","Percent (Units)","Total","Total","Total","Not available","","","","","","","","","","","","","","","","","","","","","","","","","13.20","NA","","","","","10.80","NA","","","","","","","","","6.50","NA","","","5.60","NA","","","","","","","",""
"010101","1","1.1","1.1.1","SI_POV_EMP1","SD                                                                          Proportion of employed population below the international poverty line of US$1.90 per day (the working poor)","01020300","Latin America and the Caribbean","False","False","False","Annual","Percent (Units)","Total","15 - 24","Female","Not available","","","","","","","","","","","","","","","","","","","","","8.00","NA, 40, 85","","","","","","","","","7.20","NA, 40, 85","","","","","","","","","4.40","NA, 40, 85","","","","","","","","","3.40","NA, 40, 85","",""
"010101","1","1.1","1.1.1","SI_POV_EMP1","SD                                                                          Proportion of employed population below the international poverty line of US$1.90 per day (the working poor)","01020300","Latin America and the Caribbean","False","False","False","Annual","Percent (Units)","Total","15 - 24","Male","Not available","","","","","","","","","","","","","","","","","","","","","11.00","NA, 40, 85","","","","","","","","","8.80","NA, 40, 85","","","","","","","","","5.00","NA, 40, 85","","","","","","","","","4.10","NA, 40, 85","",""
"010101","1","1.1","1.1.1","SI_POV_EMP1","SD                                                                          Proportion of employed population below the international poverty line of US$1.90 per day (the working poor)","01020300","Latin America and the Caribbean","False","False","False","Annual","Percent (Units)","Total","15 - 24","Total","Not available","","","","","","","","","","","","","","","","","","","","","9.90","NA, 41, 85","","","","","","","","","8.20","NA, 41, 85","","","","","","","","","4.70","NA, 41, 85","","","","","","","","","3.90","NA, 41, 85","",""
"010101","1","1.1","1.1.1","SI_POV_EMP1","SD                                                                          Proportion of employed population below the international poverty line of US$1.90 per day (the working poor)","01020300","Latin America and the Caribbean","False","False","False","Annual","Percent (Units)","Total","15+","Female","Not available","","","","","","","","","","","","","","","","","","","","","7.60","NA, 40, 85","","","","","","","","","6.30","NA, 40, 85","","","","","","","","","4.20","NA, 40, 85","","","","","","","","","3.70","NA, 40, 85","",""
"010101","1","1.1","1.1.1","SI_POV_EMP1","SD                                                                          Proportion of employed population below the international poverty line of US$1.90 per day (the working poor)","01020300","Latin America and the Caribbean","False","False","False","Annual","Percent (Units)","Total","15+","Male","Not available","","","","","","","","","","","","","","","","","","","","","8.70","NA, 40, 85","","","","","","","","","6.80","NA, 40, 85","","","","","","","","","4.10","NA, 40, 85","","","","","","","","","3.50","NA, 40, 85","",""
"010101","1","1.1","1.1.1","SI_POV_EMP1","SD                                                                          Proportion of employed population below the international poverty line of US$1.90 per day (the working poor)","01020300","Latin America and the Caribbean","False","False","False","Annual","Percent (Units)","Total","15+","Total","Not available","","","","","","","","","","","","","","","","","","","","","8.30","NA, 41, 85","","","","","","","","","6.60","NA, 41, 85","","","","","","","","","4.20","NA, 41, 85","","","","","","","","","3.50","NA, 41, 85","",""
"010101","1","1.1","1.1.1","SI_POV_EMP1","SD                                                                          Proportion of employed population below the international poverty line of US$1.90 per day (the working poor)","01020300","Latin America and the Caribbean","False","False","False","Annual","Percent (Units)","Total","25+","Female","Not available","","","","","","","","","","","","","","","","","","","","","7.50","NA, 40, 85","","","","","","","","","6.00","NA, 40, 85","","","","","","","","","4.20","NA, 40, 85","","","","","","","","","3.70","NA, 40, 85","",""
"010101","1","1.1","1.1.1","SI_POV_EMP1","SD                                                                          Proportion of employed population below the international poverty line of US$1.90 per day (the working poor)","01020300","Latin America and the Caribbean","False","False","False","Annual","Percent (Units)","Total","25+","Male","Not available","","","","","","","","","","","","","","","","","","","","","8.00","NA, 40, 85","","","","","","","","","6.20","NA, 40, 85","","","","","","","","","3.90","NA, 40, 85","","","","","","","","","3.30","NA, 40, 85","",""
"010101","1","1.1","1.1.1","SI_POV_EMP1","SD                                                                          Proportion of employed population below the international poverty line of US$1.90 per day (the working poor)","01020300","Latin America and the Caribbean","False","False","False","Annual","Percent (Units)","Total","25+","Total","Not available","","","","","","","","","","","","","","","","","","","","","7.80","NA, 41, 85","","","","","","","","","6.20","NA, 41, 85","","","","","","","","","4.00","NA, 41, 85","","","","","","","","","3.50","NA, 41, 85","",""
"010301","1","1.3","1.3.1","SI_COV_POPT","SD                                                                          Proportion of population covered by social assistance, social insurance and labour market programs","01020300","Latin America and the Caribbean","False","False","False","Annual","Percent (Units)","Total","Total","Total","Not available","","","","","","","","","","","","","","","","","","","","","","","","","","","","","","","","","","","","","","","","","","","","","","","","","59.60","NA, 4, 83","","","",""
"010301","1","1.3","1.3.1","SI_COV_UEMP","SD                                                                          Proportion of unemployed receiving unemployment benefits","01020300","Latin America and the Caribbean","False","False","False","Annual","Percent (Units)","Total","Total","Total","Not available","","","","","","","","","","","","","","","","","","","","","2.70","NA, 39, 84","","","","","","","","","2.60","NA, 39, 84","","","","","","","","","4.30","NA, 39, 84","2.10","NA, 39, 84","","","","","","","","","",""
"020101","2","2.1","2.1.1","SN_ITK_DEFC","SD                                                                          Prevalence of undernourishment","01020300","Latin America and the Caribbean","False","False","False","Annual","Percent (Units)","Total","Total","Total","Not available","","","","","","","","","","","","","","","","","","","","","","","","","11.40","NA","","","","","","","","","8.40","NA","","","","","","","","","6.40","NA","","","","","","","5.50","NA, 45"
"020102","2","2.1","2.1.2","AG_PRD_FIESS","+                                                                          Estimated prevalence of severe food insecurity in the population","01020300","Latin America and the Caribbean","False","False","False","Annual","Percent (Units)","Total","Total","Total","Not available","","","","","","","","","","","","","","","","","","","","","","","","","","","","","","","","","","","","","","","","","","","","","","","","","7.00","NA, 51","4.90","NA, 51","",""
"020102","2","2.1","2.1.2","AG_PRD_FIESS_LB","+                                                                          Estimated prevalence of severe food insecurity in the population (lower bound)","01020300","Latin America and the Caribbean","False","False","False","Annual","Percent (Units)","Total","Total","Total","Not available","","","","","","","","","","","","","","","","","","","","","","","","","","","","","","","","","","","","","","","","","","","","","","","","","6.70","NA, 51","4.60","NA, 51","",""
"020102","2","2.1","2.1.2","AG_PRD_FIESS_UB","+                                                                          Estimated prevalence of severe food insecurity in the population (upper bound)","01020300","Latin America and the Caribbean","False","False","False","Annual","Percent (Units)","Total","Total","Total","Not available","","","","","","","","","","","","","","","","","","","","","","","","","","","","","","","","","","","","","","","","","","","","","","","","","7.30","NA, 51","5.20","NA, 51","",""
"020201","2","2.2","2.2.1","SH_STA_STNT","SD                                                                          Proportion of stunted children (height for age below minus two standard deviations from the median) under the age of 5 years","01020300","Latin America and the Caribbean","False","False","False","Annual","Percent (Units)","Total","Under 5","Total","Not available","","","","","","","","","","","","","","","","","","","","","16.70","NA, 80","","","","","","","","","14.20","NA, 80","","","","","","","","","12.10","NA, 80","","","","","","","10.60","NA, 80","","","",""
"020201","2","2.2","2.2.1","SH_STA_STNT_LB","SD                                                                          Proportion of stunted children (height for age below minus two standard deviations from the median) under the age of 5 years (lower bound)","01020300","Latin America and the Caribbean","False","False","False","Annual","Percent (Units)","Total","Under 5","Total","Not available","","","","","","","","","","","","","","","","","","","","","12.40","NA, 80","","","","","","","","","10.20","NA, 80","","","","","","","","","8.20","NA, 80","","","","","","","6.90","NA, 80","","","",""
"020201","2","2.2","2.2.1","SH_STA_STNT_UB","SD                                                                          Proportion of stunted children (height for age below minus two standard deviations from the median) under the age of 5 years (upper bound)","01020300","Latin America and the Caribbean","False","False","False","Annual","Percent (Units)","Total","Under 5","Total","Not available","","","","","","","","","","","","","","","","","","","","","22.10","NA, 80","","","","","","","","","19.60","NA, 80","","","","","","","","","17.30","NA, 80","","","","","","","15.80","NA, 80","","","",""
"020201","2","2.2","2.2.1","SH_STA_STNTN","+                                                                          Number of stunted children (height for age below minus two standard deviations from the median) under the age of 5 years","01020300","Latin America and the Caribbean","False","False","False","Annual","Number (Millions)","Total","Under 5","Total","Not available","","","","","","","","","","","","","","","","","","","","","9.50","NA, 80","","","","","","","","","8.00","NA, 80","","","","","","","","","6.50","NA, 80","","","","","","","5.60","NA, 80","","","",""
"020201","2","2.2","2.2.1","SH_STA_STNTN_LB","+                                                                          Number of stunted children (height for age below minus two standard deviations from the median) under the age of 5 years (lower bound)","01020300","Latin America and the Caribbean","False","False","False","Annual","Number (Millions)","Total","Under 5","Total","Not available","","","","","","","","","","","","","","","","","","","","","7.00","NA, 80","","","","","","","","","5.70","NA, 80","","","","","","","","","4.40","NA, 80","","","","","","","3.70","NA, 80","","","",""
"020201","2","2.2","2.2.1","SH_STA_STNTN_UB","+                                                                          Number of stunted children (height for age below minus two standard deviations from the median) under the age of 5 years (upper bound)","01020300","Latin America and the Caribbean","False","False","False","Annual","Number (Millions)","Total","Under 5","Total","Not available","","","","","","","","","","","","","","","","","","","","","12.60","NA, 80","","","","","","","","","11.00","NA, 80","","","","","","","","","9.30","NA, 80","","","","","","","8.40","NA, 80","","","",""
"020202","2","2.2","2.2.2","SH_STA_WAST","SD                                                                          Proportion of wasted children (weight for height below minus two standard deviations from the median) under the age of 5 years","01020300","Latin America and the Caribbean","False","False","False","Annual","Percent (Units)","Total","Under 5","Total","Not available","","","","","","","","","","","","","","","","","","","","","","","","","","","","","","","","","","","","","","","","","","","","","","","","","1.30","NA, 81","","","",""
"020202","2","2.2","2.2.2","SH_STA_WAST_LB","SD                                                                          Proportion of wasted children (weight for height below minus two standard deviations from the median) under the age of 5 years (lower bound)","01020300","Latin America and the Caribbean","False","False","False","Annual","Percent (Units)","Total","Under 5","Total","Not available","","","","","","","","","","","","","","","","","","","","","","","","","","","","","","","","","","","","","","","","","","","","","","","","","0.90","NA, 81","","","",""
"020202","2","2.2","2.2.2","SH_STA_WAST_UB","SD                                                                          Proportion of wasted children (weight for height below minus two standard deviations from the median) under the age of 5 years (upper bound)","01020300","Latin America and the Caribbean","False","False","False","Annual","Percent (Units)","Total","Under 5","Total","Not available","","","","","","","","","","","","","","","","","","","","","","","","","","","","","","","","","","","","","","","","","","","","","","","","","1.90","NA, 81","","","",""
"020202","2","2.2","2.2.2","SN_STA_OVWGT","SD                                                                          Proportion of overweight children (weight for height above plus two standard deviations from the median) under the age of 5 years","01020300","Latin America and the Caribbean","False","False","False","Annual","Percent (Units)","Total","Under 5","Total","Not available","","","","","","","","","","","","","","","","","","","","","7.00","NA, 92","","","","","","","","","7.20","NA, 92","","","","","","","","","7.30","NA, 92","","","","","","","7.50","NA, 92","","","",""
"020202","2","2.2","2.2.2","SN_STA_OVWGT_LB","SD                                                                          Proportion of overweight children (weight for height above plus two standard deviations from the median) under the age of 5 years (lower bound)","01020300","Latin America and the Caribbean","False","False","False","Annual","Percent (Units)","Total","Under 5","Total","Not available","","","","","","","","","","","","","","","","","","","","","6.10","NA, 92","","","","","","","","","6.30","NA, 92","","","","","","","","","6.60","NA, 92","","","","","","","6.80","NA, 92","","","",""
"020202","2","2.2","2.2.2","SN_STA_OVWGT_UB","SD                                                                          Proportion of overweight children (weight for height above plus two standard deviations from the median) under the age of 5 years (upper bound)","01020300","Latin America and the Caribbean","False","False","False","Annual","Percent (Units)","Total","Under 5","Total","Not available","","","","","","","","","","","","","","","","","","","","","8.00","NA, 92","","","","","","","","","8.10","NA, 92","","","","","","","","","8.20","NA, 92","","","","","","","8.30","NA, 92","","","",""
"020502","2","2.5","2.5.2","ER_NRK_LBRED","SD                                                                          Proportion of local breeds classified as being at risk of extinction","01020300","Latin America and the Caribbean","False","False","False","Annual","Percent (Units)","Total","Total","Total","Not available","","","","","","","","","","","","","","","","","","","","","","","","","","","","","","","","","","","","","","","","","","","","","","","","","","","","","1.50","NA, 65"
"020502","2","2.5","2.5.2","ER_RSK_LBRED","SD                                                                          Proportion of local breeds classified as being not-at-risk of extinction","01020300","Latin America and the Caribbean","False","False","False","Annual","Percent (Units)","Total","Total","Total","Not available","","","","","","","","","","","","","","","","","","","","","","","","","","","","","","","","","","","","","","","","","","","","","","","","","","","","","3.00","NA, 65"
"020502","2","2.5","2.5.2","ER_UNK_LBRED","SD                                                                          Proportion of local breeds classified as being at unknown level of risk of extinction","01020300","Latin America and the Caribbean","False","False","False","Annual","Percent (Units)","Total","Total","Total","Not available","","","","","","","","","","","","","","","","","","","","","","","","","","","","","","","","","","","","","","","","","","","","","","","","","","","","","95.50","NA, 68"
"020601","2","2.a","2.a.1","AG_PRD_ORTIND","SD                                                                          The agriculture orientation index for government expenditures","01020300","Latin America and the Caribbean","False","False","False","Annual","Not applicable (Units)","Total","Total","Total","Not available","","","","","","","","","","","","","","","","","","","","","","","0.26","NA, 52","","","","","","","0.21","NA, 52","","","","","","","","","0.34","NA, 52","","","","","0.22","NA, 52","","","","","",""
"030101","3","3.1","3.1.1","SH_STA_MORT","SD                                                                          Maternal mortality ratio","01020300","Latin America and the Caribbean","False","False","False","Annual","Per 100,000 live births (Units)","Total","Total","Total","Not available","","","","","","","","","","","","","","","","","","","","","99.00","NA","","","","","","","","","88.00","NA","","","","","","","","","81.00","NA","","","","","","","","","67.00","NA","",""
"030102","3","3.1","3.1.2","SH_STA_BRTC","SD                                                                          Proportion of births attended by skilled health personnel","01020300","Latin America and the Caribbean","False","False","False","Annual","Percent (Units)","Total","Total","Total","Not available","","","","","","","","","","","","","","","","","","","","","87.79","NA, 33, 79","","","","","","","","","","","","","","","","","","","","","","","","","","","","","93.75","NA, 33, 79","",""
"030201","3","3.2","3.2.1","SH_DYN_IMRT","+                                                                          Infant mortality rate","01020300","Latin America and the Caribbean","False","False","False","Annual","Per 1,000 live births (Units)","Total","Under 1","Total","Not available","","","","","","","","","","","","","","","","","","","","","26.60","NA, 29","","","","","","","","","20.70","NA, 29","","","","","","","","","18.10","NA, 29","","","","","","","","","15.20","NA, 29","",""
"030201","3","3.2","3.2.1","SH_DYN_MORT","SD                                                                          Under-five mortality rate","01020300","Latin America and the Caribbean","False","False","False","Annual","Per 1,000 live births (Units)","Total","Under 5","Total","Not available","","","","","","","","","","","","","","","","","","","","","32.00","NA, 29","","","","","","","","","24.60","NA, 29","","","","","","","","","24.00","NA, 29","","","","","","","","","17.90","NA, 29","",""
"030202","3","3.2","3.2.2","SH_DYN_NMRT","SD                                                                          Neonatal mortality rate","01020300","Latin America and the Caribbean","False","False","False","Annual","Per 1,000 live births (Units)","Total","Under 1 month","Total","Not available","","","","","","","","","","","","","","","","","","","","","14.70","NA, 29","","","","","","","","","11.80","NA, 29","","","","","","","","","10.80","NA, 29","","","","","","","","","9.30","NA, 29","",""
"030301","3","3.3","3.3.1","SH_HIV_INCD","SD                                                                          Estimated HIV incidence rate","01020300","Latin America and the Caribbean","False","False","False","Annual","Per 1,000 uninfected population (Units)","Total","Under 15","Total","Not available","","","","","","","","","","","","","","","","","","","","","0.07","NA, 31","","","","","","","","","0.05","NA, 31","","","","","","","","","0.03","NA, 31","","","","","","","","","0.01","NA, 31","",""
"030301","3","3.3","3.3.1","SH_HIV_INCD","SD                                                                          Estimated HIV incidence rate","01020300","Latin America and the Caribbean","False","False","False","Annual","Per 1,000 uninfected population (Units)","Total","Total","Female","Not available","","","","","","","","","","","","","","","","","","","","","0.20","NA, 31","","","","","","","","","0.15","NA, 31","","","","","","","","","0.11","NA, 31","","","","","","","","","0.10","NA, 31","",""
"030301","3","3.3","3.3.1","SH_HIV_INCD","SD                                                                          Estimated HIV incidence rate","01020300","Latin America and the Caribbean","False","False","False","Annual","Per 1,000 uninfected population (Units)","Total","Total","Male","Not available","","","","","","","","","","","","","","","","","","","","","0.32","NA, 31","","","","","","","","","0.27","NA, 31","","","","","","","","","0.25","NA, 31","","","","","","","","","0.24","NA, 31","",""
"030301","3","3.3","3.3.1","SH_HIV_INCD","SD                                                                          Estimated HIV incidence rate","01020300","Latin America and the Caribbean","False","False","False","Annual","Per 1,000 uninfected population (Units)","Total","Total","Total","Not available","","","","","","","","","","","","","","","","","","","","","0.26","NA, 31","","","","","","","","","0.21","NA, 31","","","","","","","","","0.18","NA, 31","","","","","","","","","0.17","NA, 31","",""
"030301","3","3.3","3.3.1","SH_HIV_INCD","SD                                                                          Estimated HIV incidence rate","01020300","Latin America and the Caribbean","False","False","False","Annual","Per 1,000 uninfected population (Units)","Total","15+","Total","Not available","","","","","","","","","","","","","","","","","","","","","0.36","NA, 31","","","","","","","","","0.28","NA, 31","","","","","","","","","0.24","NA, 31","","","","","","","","","0.22","NA, 31","",""
"030302","3","3.3","3.3.2","SH_TBS_INCD","SD                                                                          Tuberculosis incidence per 100,000 population","01020300","Latin America and the Caribbean","False","False","False","Annual","Per 100,000 population (Units)","Total","Total","Total","Not available","","","","","","","","","","","","","","","","","","","","","60.00","NA, 37, 82","","","","","","","","","50.00","NA, 37, 82","","","","","","","","","45.00","NA, 37, 82","","","","","","","42.00","NA, 37, 82","","","",""
"030302","3","3.3","3.3.2","SH_TBS_INCD_LB","SD                                                                          Tuberculosis incidence per 100,000 population (lower bound)","01020300","Latin America and the Caribbean","False","False","False","Annual","Per 100,000 population (Units)","Total","Total","Total","Not available","","","","","","","","","","","","","","","","","","","","","57.00","NA, 37, 82","","","","","","","","","48.00","NA, 37, 82","","","","","","","","","43.00","NA, 37, 82","","","","","","","41.00","NA, 37, 82","","","",""
"030302","3","3.3","3.3.2","SH_TBS_INCD_UB","SD                                                                          Tuberculosis incidence per 100,000 population (upper bound)","01020300","Latin America and the Caribbean","False","False","False","Annual","Per 100,000 population (Units)","Total","Total","Total","Not available","","","","","","","","","","","","","","","","","","","","","62.00","NA, 37, 82","","","","","","","","","52.00","NA, 37, 82","","","","","","","","","47.00","NA, 37, 82","","","","","","","44.00","NA, 37, 82","","","",""
"030302","3","3.3","3.3.2","SH_TBS_MORT","+                                                                          Tuberculosis deaths per 100,000 population","01020300","Latin America and the Caribbean","False","False","False","Annual","Per 100,000 population (Units)","Total","Total","Total","Not available","","","","","","","","","","","","","","","","","","","","","5.00","NA, 37, 82","","","","","","","","","4.00","NA, 37, 82","","","","","","","","","3.00","NA, 37, 82","","","","","","","3.00","NA, 37, 82","","","",""
"030302","3","3.3","3.3.2","SH_TBS_MORT_LB","+                                                                          Tuberculosis deaths per 100,000 population (lower bound)","01020300","Latin America and the Caribbean","False","False","False","Annual","Per 100,000 population (Units)","Total","Total","Total","Not available","","","","","","","","","","","","","","","","","","","","","5.00","NA, 37, 82","","","","","","","","","4.00","NA, 37, 82","","","","","","","","","3.00","NA, 37, 82","","","","","","","3.00","NA, 37, 82","","","",""
"030302","3","3.3","3.3.2","SH_TBS_MORT_UB","+                                                                          Tuberculosis deaths per 100,000 population (upper bound)","01020300","Latin America and the Caribbean","False","False","False","Annual","Per 100,000 population (Units)","Total","Total","Total","Not available","","","","","","","","","","","","","","","","","","","","","6.00","NA, 37, 82","","","","","","","","","4.00","NA, 37, 82","","","","","","","","","3.00","NA, 37, 82","","","","","","","3.00","NA, 37, 82","","","",""
"030303","3","3.3","3.3.3","SH_STA_MALR","SD                                                                          Malaria incidence per 1,000 population","01020300","Latin America and the Caribbean","False","False","False","Annual","Per 1,000 population (Units)","Total","Total","Total","Not available","","","","","","","","","","","","","","","","","","","","","40.00","NA, 34","","","","","","","","","26.00","NA, 34","","","","","","","","","16.00","NA, 34","","","","","","","","","10.00","NA, 34","",""
"030305","3","3.3","3.3.5","SH_TRP_INTVN","SD                                                                          Number of people requiring interventions against neglected tropical diseases","01020300","Latin America and the Caribbean","False","False","False","Annual","Number (Units)","Total","Total","Total","Not available","","","","","","","","","","","","","","","","","","","","","","","","","","","","","","","","","","","","","","","","","","","","","","","","","63,844,482.00","E, 38","","","",""
"030401","3","3.4","3.4.1","SH_DTH_NCOM","SD                                                                          Mortality rate attributed to cardiovascular disease, cancer, diabetes or chronic respiratory disease","01020300","Latin America and the Caribbean","False","False","False","Annual","Percent (Units)","Total","30 - 70","Total","Not available","","","","","","","","","","","","","","","","","","","","","20.20","NA, 28","","","","","","","","","18.40","NA, 28","","","","","","","","","17.20","NA, 28","","","16.70","NA, 28","","","","","","","",""
"030402","3","3.4","3.4.2","SH_STA_SCIDE","SD                                                                          Suicide mortality rate","01020300","Latin America and the Caribbean","False","False","False","Annual","Per 100,000 population (Units)","Total","Total","Female","Not available","","","","","","","","","","","","","","","","","","","","","2.80","NA, 28","","","","","","","","","2.79","NA, 28","","","","","","","","","2.84","NA, 28","","","2.83","NA, 28","","","","","","","",""
"030402","3","3.4","3.4.2","SH_STA_SCIDE","SD                                                                          Suicide mortality rate","01020300","Latin America and the Caribbean","False","False","False","Annual","Per 100,000 population (Units)","Total","Total","Male","Not available","","","","","","","","","","","","","","","","","","","","","9.74","NA, 28","","","","","","","","","9.71","NA, 28","","","","","","","","","9.86","NA, 28","","","9.73","NA, 28","","","","","","","",""
"030402","3","3.4","3.4.2","SH_STA_SCIDE","SD                                                                          Suicide mortality rate","01020300","Latin America and the Caribbean","False","False","False","Annual","Per 100,000 population (Units)","Total","Total","Total","Not available","","","","","","","","","","","","","","","","","","","","","6.22","NA, 28","","","","","","","","","6.20","NA, 28","","","","","","","","","6.29","NA, 28","","","6.23","NA, 28","","","","","","","",""
"030402","3","3.4","3.4.2","SH_STA_SCIDEN","+                                                                          Number of deaths attributed to suicide","01020300","Latin America and the Caribbean","False","False","False","Annual","Number (Thousands)","Total","Total","Female","Not available","","","","","","","","","","","","","","","","","","","","","7.00","NA","","","","","","","","","8.00","NA","","","","","","","","","9.00","NA","","","9.00","NA","","","","","","","",""
"030402","3","3.4","3.4.2","SH_STA_SCIDEN","+                                                                          Number of deaths attributed to suicide","01020300","Latin America and the Caribbean","False","False","False","Annual","Number (Thousands)","Total","Total","Male","Not available","","","","","","","","","","","","","","","","","","","","","25.00","NA","","","","","","","","","27.00","NA","","","","","","","","","29.00","NA","","","29.00","NA","","","","","","","",""
"030402","3","3.4","3.4.2","SH_STA_SCIDEN","+                                                                          Number of deaths attributed to suicide","01020300","Latin America and the Caribbean","False","False","False","Annual","Number (Thousands)","Total","Total","Total","Not available","","","","","","","","","","","","","","","","","","","","","33.00","NA","","","","","","","","","35.00","NA","","","","","","","","","37.00","NA","","","38.00","NA","","","","","","","",""
"030502","3","3.5","3.5.2","SH_ALC_CONSPT","SD                                                                          Alcohol per capita consumption (aged 15 years and older) within a calendar year in litres of pure alcohol","01020300","Latin America and the Caribbean","False","False","False","Annual","Litres pure alcohol (Units)","Total","15+","Total","Not available","","","","","","","","","","","","","","","","","","","","","","","","","","","","","","","8.40","NA, 27","","","","","","","","","7.70","NA, 27","","","","","","","","","7.50","NA, 27","",""
"030601","3","3.6","3.6.1","SH_STA_TRAF","SD                                                                          Death rate due to road traffic injuries","01020300","Latin America and the Caribbean","False","False","False","Annual","Per 100,000 population (Units)","Total","Total","Total","Not available","","","","","","","","","","","","","","","","","","","","","16.50","NA, 36","","","","","","","","","17.20","NA, 36","","","","","","","","","18.70","NA, 36","","","","","19.20","NA, 36","","","","","",""
"030701","3","3.7","3.7.1","SH_FPL_MTMM","+                                                                          Proportion of women married or in a union of reproductive age (aged 15-49 years) who have their need for family planning satisfied with modern methods","01020300","Latin America and the Caribbean","False","False","False","Annual","Percent (Units)","Total","15 - 49","Female","Not available","","","","","","","","","","","","","","","","","","","","","76.10","NA, 30, 77","","","","","","","","","79.30","NA, 30, 77","","","","","","","","","80.80","NA, 30, 77","","","","","","","","","81.50","NA, 30, 77","",""
"030702","3","3.7","3.7.2","SP_DYN_ADKL","SD                                                                          Adolescent birth rate per 1,000 adolescent women aged 15-19","01020300","Latin America and the Caribbean","False","False","False","Annual","Per 1,000 population (Units)","Total","15 - 19","Female","Not available","","","","","","","","","","","","","","","","","","","","","81.10","NA, 30, 93","","","","","","","","","74.50","NA, 30, 93","","","","","","","","","68.40","NA, 30, 93","","","","","","","","","64.10","NA, 30, 93","",""
"030901","3","3.9","3.9.1","SH_STA_AIRP","SD                                                                          Mortality rate attributed to household and ambient air pollution","01020300","Latin America and the Caribbean","False","False","False","Annual","Per 100,000 population (Units)","Total","Total","Total","Not available","","","","","","","","","","","","","","","","","","","","","","","","","","","","","","","","","","","","","","","","","","","","","27.60","NA, 32, 78","","","","","","","",""
"030902","3","3.9","3.9.2","SH_STA_WASH","SD                                                                          Mortality rate attributed to unsafe water, unsafe sanitation and lack of hygiene","01020300","Latin America and the Caribbean","False","False","False","Annual","Per 100,000 population (Units)","Total","Total","Total","Not available","","","","","","","","","","","","","","","","","","","","","","","","","","","","","","","","","","","","","","","","","","","","","1.99","NA, 34","","","","","","","",""
"030903","3","3.9","3.9.3","SH_STA_POISN","SD                                                                          Mortality rate attributed to unintentional poisonings","01020300","Latin America and the Caribbean","False","False","False","Annual","Per 100,000 population (Units)","Total","Total","Total","Not available","","","","","","","","","","","","","","","","","","","","","","","","","","","","","","","","","","","","","","","","","","","","","0.54","NA, 35","","","","","","","",""
"040201","4","4.2","4.2.1","SE_DEV_ONTRK","+                                                                          Percentage of children aged 36-59 months who are developmentally on track in at least three of the following domains: literacy-numeracy, physical development, social-emotional development and learning","01020300","Latin America and the Caribbean","False","False","False","Annual","Percent (Units)","Total","36 - 59 months","Total","Not available","","","","","","","","","","","","","","","","","","","","","","","","","","","","","","","","","","","","","","","","","","","","","","","","","","","84.40","NA, 3, 70","",""
"041001","4","4.c","4.c.1","SE_LSC_TRTCHRTCH","SD                                                                          Proportion of teachers in lower secondary education who have received at least the minimum organized teacher training (e.g. pedagogical training) pre-service or in-service required for teaching at the relevant level in a given country","01020300","Latin America and the Caribbean","False","False","False","Annual","Percent (Units)","Total","Total","Total","Not available","","","","","","","","","","","","","","","","","","","","","","","","","","","","","","","","","","","","","","","","","84.00","NA","","","","","","","","","","","",""
"041001","4","4.c","4.c.1","SE_PRE_TRTCHRTCH","SD                                                                          Proportion of teachers in pre-primary education who have received at least the minimum organized teacher training (e.g. pedagogical training) pre-service or in-service required for teaching at the relevant level in a given country","01020300","Latin America and the Caribbean","False","False","False","Annual","Percent (Units)","Total","Total","Total","Not available","","","","","","","","","","","","","","","","","","","","","","","","","","","","","","","","","","","","","","","","","78.00","NA","78.00","NA","","","","","","","","","",""
"041001","4","4.c","4.c.1","SE_PRM_TRTCHRTCH","SD                                                                          Proportion of teachers in primary education who have received at least the minimum organized teacher training (e.g. pedagogical training) pre-service or in-service required for teaching at the relevant level in a given country","01020300","Latin America and the Caribbean","False","False","False","Annual","Percent (Units)","Total","Total","Total","Not available","","","","","","","","","","","","","","","","","","","","","","","","","","","","","","","","","89.00","NA","","","","","","","89.00","NA","89.00","NA","","","","","","","","","",""
"041001","4","4.c","4.c.1","SE_SEC_TRTCHRTCH","SD                                                                          Proportion of teachers in secondary education who have received at least the minimum organized teacher training (e.g. pedagogical training) pre-service or in-service required for teaching at the relevant level in a given country","01020300","Latin America and the Caribbean","False","False","False","Annual","Percent (Units)","Total","Total","Total","Not available","","","","","","","","","","","","","","","","","","","","","","","","","","","","","","","","","","","82.00","NA","","","","","83.00","NA","","","","","","","","","","","",""
"041001","4","4.c","4.c.1","SE_USC_TRTCHRTCH","SD                                                                          Proportion of teachers in upper secondary education who have received at least the minimum organized teacher training (e.g. pedagogical training) pre-service or in-service required for teaching at the relevant level in a given country","01020300","Latin America and the Caribbean","False","False","False","Annual","Percent (Units)","Total","Total","Total","Not available","","","","","","","","","","","","","","","","","","","","","","","","","","","","","","","","","","","","","","","","","81.00","NA","","","","","","","","","","","",""
"050301","5","5.3","5.3.1","SP_DYN_MRBF15","SD                                                                          Proportion of women aged 20-24 years who were married by age 15","01020300","Latin America and the Caribbean","False","False","False","Annual","Percent (Units)","Total","20 - 24","Female","Not available","","","","","","","","","","","","","","","","","","","","","6.90","NA, 94","","","","","","","","","7.10","NA, 94","","","","","","","","","8.50","NA, 94","","","","","","","","","7.10","NA, 9, 94","",""
"050301","5","5.3","5.3.1","SP_DYN_MRBF18","SD                                                                          Proportion of women aged 20-24 years who were married by age 18","01020300","Latin America and the Caribbean","False","False","False","Annual","Percent (Units)","Total","20 - 24","Female","Not available","","","","","","","","","","","","","","","","","","","","","29.40","NA, 95","","","","","","","","","30.10","NA, 95","","","","","","","","","31.10","NA, 95","","","","","","","","","28.10","NA, 9, 95","",""
"050501","5","5.5","5.5.1","SG_GEN_PARL","SD                                                                          Proportion of seats held by women in national parliaments","01020300","Latin America and the Caribbean","False","False","False","Annual","Percent (Units)","Total","Total","Female","Not available","","","","","","","","","","","","","","","","","","","","","15.20","NA","","","","","","","","","19.00","NA","","","","","","","","","22.70","NA","","","","","","","","","","","28.20","NA"
"060101","6","6.1","6.1.1","SH_H2O_IMPR","+                                                                          Proportion of population using improved drinking water sources","01020300","Latin America and the Caribbean","False","False","False","Annual","Percent (Units)","Total","Total","Total","Not available","","","","","","","","","","","","","","","","","","","","","89.60","NA","","","","","","","","","91.50","NA","","","","","","","","","93.30","NA","","","","","","","","","94.60","NA","",""
"060201","6","6.2","6.2.1","SH_SAN_IMPR","+                                                                          Proportion of population using improved sanitation facilities","01020300","Latin America and the Caribbean","False","False","False","Annual","Percent (Units)","Total","Total","Total","Not available","","","","","","","","","","","","","","","","","","","","","74.70","NA","","","","","","","","","77.80","NA","","","","","","","","","80.80","NA","","","","","","","","","83.10","NA","",""
"060402","6","6.4","6.4.2","ER_H2O_STRESS","SD                                                                          Level of water stress: freshwater withdrawal as a proportion of available freshwater resources","01020300","Latin America and the Caribbean","False","False","False","Annual","Percent (Units)","Total","Total","Total","Not available","","","","","","","","","","","","","","","","","","","","","","","","","","","","","","","","","","","","","","","","","","","","","2.30","NA","","","","","","","",""
"060501","6","6.5","6.5.1","ER_H2O_INTG","+                                                                          Proportion of countries that have fully implemented national integrated water resources management plans or equivalent","01020300","Latin America and the Caribbean","False","False","False","Annual","Percent (Units)","Total","Total","Total","Not available","","","","","","","","","","","","","","","","","","","","","","","","","","","","","","","","","","","","","","","","","","","","","0.00","NA, 63","","","","","","","",""
"060501","6","6.5","6.5.1","ER_H2O_INTGAD","+                                                                          Proportion of countries that are at advanced stage of implementation of national integrated water resources management plans or equivalent","01020300","Latin America and the Caribbean","False","False","False","Annual","Percent (Units)","Total","Total","Total","Not available","","","","","","","","","","","","","","","","","","","","","","","","","","","","","","","","","","","","","","","","","","","","","18.20","NA, 63","","","","","","","",""
"060501","6","6.5","6.5.1","ER_H2O_INTGDV","+                                                                          Proportion of countries that have developed but are not yet implementing national integrated water resources management plans or equivalent","01020300","Latin America and the Caribbean","False","False","False","Annual","Percent (Units)","Total","Total","Total","Not available","","","","","","","","","","","","","","","","","","","","","","","","","","","","","","","","","","","","","","","","","","","","","22.70","NA, 63","","","","","","","",""
"060501","6","6.5","6.5.1","ER_H2O_INTGNA","+                                                                          Proportion of countries where national integrated water resources management plans or equivalent are not relevant","01020300","Latin America and the Caribbean","False","False","False","Annual","Percent (Units)","Total","Total","Total","Not available","","","","","","","","","","","","","","","","","","","","","","","","","","","","","","","","","","","","","","","","","","","","","0.00","NA, 63","","","","","","","",""
"060501","6","6.5","6.5.1","ER_H2O_INTGSD","+                                                                          Proportion of countries that have started implementing national integrated water resources management plans or equivalent","01020300","Latin America and the Caribbean","False","False","False","Annual","Percent (Units)","Total","Total","Total","Not available","","","","","","","","","","","","","","","","","","","","","","","","","","","","","","","","","","","","","","","","","","","","","18.20","NA, 63","","","","","","","",""
"060501","6","6.5","6.5.1","ER_H2O_INTGUD","+                                                                          Proportion of countries where national integrated water resources management plans or equivalent are under development","01020300","Latin America and the Caribbean","False","False","False","Annual","Percent (Units)","Total","Total","Total","Not available","","","","","","","","","","","","","","","","","","","","","","","","","","","","","","","","","","","","","","","","","","","","","40.90","NA, 63","","","","","","","",""
"060801","6","6.b","6.b.1","ER_H2O_PARTIC","+                                                                          Proportion of countries with high level of users/communities participating in planning programs in water management","01020300","Latin America and the Caribbean","False","False","False","Annual","Percent (Units)","Rural","Total","Total","Not available","","","","","","","","","","","","","","","","","","","","","","","","","","","","","","","","","","","","","","","","","","","","","","","","","18.80","NA, 1","","","",""
"060801","6","6.b","6.b.1","ER_H2O_PARTIC","+                                                                          Proportion of countries with high level of users/communities participating in planning programs in water management","01020300","Latin America and the Caribbean","False","False","False","Annual","Percent (Units)","Urban","Total","Total","Not available","","","","","","","","","","","","","","","","","","","","","","","","","","","","","","","","","","","","","","","","","","","","","","","","","0.00","NA, 1","","","",""
"060801","6","6.b","6.b.1","ER_H2O_PROCED","+                                                                          Proportion of countries with clearly defined procedures in law or policy for participation by service users/communities in planning program in water management","01020300","Latin America and the Caribbean","False","False","False","Annual","Percent (Units)","Rural","Total","Total","Not available","","","","","","","","","","","","","","","","","","","","","","","","","","","","","","","","","","","","","","","","","","","","","","","","","93.80","NA, 2","","","",""
"060801","6","6.b","6.b.1","ER_H2O_PROCED","+                                                                          Proportion of countries with clearly defined procedures in law or policy for participation by service users/communities in planning program in water management","01020300","Latin America and the Caribbean","False","False","False","Annual","Percent (Units)","Urban","Total","Total","Not available","","","","","","","","","","","","","","","","","","","","","","","","","","","","","","","","","","","","","","","","","","","","","","","","","87.50","NA, 2","","","",""
"060801","6","6.b","6.b.1","ER_HYG_PARTIC","+                                                                          Proportion of countries with high level of users/communities participating in planning programs in hygiene promotion","01020300","Latin America and the Caribbean","False","False","False","Annual","Percent (Units)","Total","Total","Total","Not available","","","","","","","","","","","","","","","","","","","","","","","","","","","","","","","","","","","","","","","","","","","","","","","","","18.80","NA, 1","","","",""
"060801","6","6.b","6.b.1","ER_HYG_PROCED","+                                                                          Proportion of countries with clearly defined procedures in law or policy for participation by service users/communities in planning program in hygiene promotion","01020300","Latin America and the Caribbean","False","False","False","Annual","Percent (Units)","Total","Total","Total","Not available","","","","","","","","","","","","","","","","","","","","","","","","","","","","","","","","","","","","","","","","","","","","","","","","","75.00","NA, 1","","","",""
"060801","6","6.b","6.b.1","ER_SAN_PARTIC","+                                                                          Proportion of countries with high level of users/communities participating in planning programs in sanitation management","01020300","Latin America and the Caribbean","False","False","False","Annual","Percent (Units)","Rural","Total","Total","Not available","","","","","","","","","","","","","","","","","","","","","","","","","","","","","","","","","","","","","","","","","","","","","","","","","6.30","NA, 1","","","",""
"060801","6","6.b","6.b.1","ER_SAN_PARTIC","+                                                                          Proportion of countries with high level of users/communities participating in planning programs in sanitation management","01020300","Latin America and the Caribbean","False","False","False","Annual","Percent (Units)","Urban","Total","Total","Not available","","","","","","","","","","","","","","","","","","","","","","","","","","","","","","","","","","","","","","","","","","","","","","","","","0.00","NA, 1","","","",""
"060801","6","6.b","6.b.1","ER_SAN_PROCED","+                                                                          Proportion of countries with clearly defined procedures in law or policy for participation by service users/communities in planning program in sanitation management","01020300","Latin America and the Caribbean","False","False","False","Annual","Percent (Units)","Rural","Total","Total","Not available","","","","","","","","","","","","","","","","","","","","","","","","","","","","","","","","","","","","","","","","","","","","","","","","","81.30","NA, 1","","","",""
"060801","6","6.b","6.b.1","ER_SAN_PROCED","+                                                                          Proportion of countries with clearly defined procedures in law or policy for participation by service users/communities in planning program in sanitation management","01020300","Latin America and the Caribbean","False","False","False","Annual","Percent (Units)","Urban","Total","Total","Not available","","","","","","","","","","","","","","","","","","","","","","","","","","","","","","","","","","","","","","","","","","","","","","","","","75.00","NA, 1","","","",""
"070101","7","7.1","7.1.1","EG_ELC_ACCS","SD                                                                          Proportion of population with access to electricity","01020300","Latin America and the Caribbean","False","False","False","Annual","Percent (Units)","Total","Total","Total","Not available","","","","","","","","","","","","","","","","","","","","","92.80","NA, 12, 55","","","","","","","","","","","","","","","","","","","94.70","NA, 12, 55","","","96.40","NA, 12, 55","","","","","","","",""
"070102","7","7.1","7.1.2","EG_EGY_CLEAN","SD                                                                          Proportion of population with primary reliance on clean fuels and technology","01020300","Latin America and the Caribbean","False","False","False","Annual","Percent (Units)","Total","Total","Total","Not available","","","","","","","","","","","","","","","","","","","","","","","","","","","","","","","81.40","NA, 54","","","","","","","","","84.30","NA, 54","","","","","","","86.50","NA, 54","","","",""
"070201","7","7.2","7.2.1","EG_FEC_RNEW","SD                                                                          Renewable energy share in the total final energy consumption","01020300","Latin America and the Caribbean","False","False","False","Annual","Percent (Units)","Total","Total","Total","Not available","","","","","","","","","","","","","","","","","","","","","28.20","NA","","","","","","","","","28.50","NA","","","","","","","","","28.60","NA","","","27.40","NA","","","","","","","",""
"070301","7","7.3","7.3.1","EG_EGY_PRIM","SD                                                                          Energy intensity level of primary energy","01020300","Latin America and the Caribbean","False","False","False","Annual","Megajoules per USD constant 2011 PPP GDP (Units)","Total","Total","Total","Not available","","","","","","","","","","","","","","","","","","","","","4.40","NA","","","","","","","","","4.30","NA","","","","","","","","","4.20","NA","","","4.10","NA","","","","","","","",""
"080201","8","8.2","8.2.1","SL_EMP_PCAP","SD                                                                          Growth rate of real GDP per employed person","01020300","Latin America and the Caribbean","False","False","False","Annual","Percent (Units)","Total","Total","Total","Not available","","","","","","","","","","","","","","","","","","","","","1.20","NA, 42, 87","","","","","","","","","-0.30","NA, 42, 87","","","","","","","","","1.70","NA, 42, 87","","","","","","","","","0.70","NA, 42, 87","",""
"080401","8","8.4","8.4.1","EN_MAT_FTPRPC","SD                                                                          Material footprint per capita","01020300","Latin America and the Caribbean","False","False","False","Annual","Metric Tons (Units)","Total","Total","Total","Not available","","","","","","","","","","","","","","","","","","","","","8.85","NA, 61","","","","","","","","","8.87","NA, 61","","","","","","","","","10.32","NA, 61","","","","","","","","","","","",""
"080401","8","8.4","8.4.1","EN_MAT_FTPRPG","SD                                                                          Material footprint per unit of GDP","01020300","Latin America and the Caribbean","False","False","False","Annual","Kilograms (Units)","Total","Total","Total","Not available","","","","","","","","","","","","","","","","","","","","","9.40","NA, 61","","","","","","","","","9.40","NA, 61","","","","","","","","","10.80","NA, 61","","","","","","","","","","","",""
"080401","8","8.4","8.4.1","EN_MAT_FTPRTN","SD                                                                          Material footprint","01020300","Latin America and the Caribbean","False","False","False","Annual","Metric Tons (Millions)","Total","Total","Total","Not available","","","","","","","","","","","","","","","","","","","","","4 614.3","NA, 62","","","","","","","","","4,943.50","NA, 62","","","","","","","","","6 084.7","NA, 62","","","","","","","","","","","",""
"080402","8","8.4","8.4.2","EN_MAT_DOMCMPC","SD                                                                          Domestic material consumption per capita","01020300","Latin America and the Caribbean","False","False","False","Annual","Metric Tons (Units)","Total","Total","Total","Not available","","","","","","","","","","","","","","","","","","","","","9.70","NA, 60","","","","","","","","","10.20","NA, 60","","","","","","","","","11.60","NA, 60","","","","","","","","","","","",""
"080402","8","8.4","8.4.2","EN_MAT_DOMCMPG","SD                                                                          Domestic material consumption per unit of GDP","01020300","Latin America and the Caribbean","False","False","False","Annual","Kilograms (Units)","Total","Total","Total","Not available","","","","","","","","","","","","","","","","","","","","","2.00","NA, 60","","","","","","","","","2.00","NA, 60","","","","","","","","","2.00","NA, 60","","","","","","","","","","","",""
"080402","8","8.4","8.4.2","EN_MAT_DOMCMPT","SD                                                                          Domestic material consumption","01020300","Latin America and the Caribbean","False","False","False","Annual","Metric Tons (Millions)","Total","Total","Total","Not available","","","","","","","","","","","","","","","","","","","","","5 107.3","NA","","","","","","","","","5 731.2","NA","","","","","","","","","6 878.9","NA","","","","","","","","","","","",""
"080502","8","8.5","8.5.2","SL_TLF_UEM","SD                                                                          Unemployment rate","01020300","Latin America and the Caribbean","False","False","False","Annual","Percent (Units)","Total","15 - 24","Female","Not available","","","","","","","","","","","","","","","","","","","","","35.20","NA, 44","","","","","","","","","26.70","NA, 44","","","","","","","","","23.80","NA, 44","","","","","","","","","22.30","NA, 44","",""
"080502","8","8.5","8.5.2","SL_TLF_UEM","SD                                                                          Unemployment rate","01020300","Latin America and the Caribbean","False","False","False","Annual","Percent (Units)","Total","15 - 24","Male","Not available","","","","","","","","","","","","","","","","","","","","","20.20","NA, 44","","","","","","","","","15.40","NA, 44","","","","","","","","","14.50","NA, 44","","","","","","","","","13.50","NA, 44","",""
"080502","8","8.5","8.5.2","SL_TLF_UEM","SD                                                                          Unemployment rate","01020300","Latin America and the Caribbean","False","False","False","Annual","Percent (Units)","Total","15 - 24","Total","Not available","","","","","","","","","","","","","","","","","","","","","25.50","NA, 44","","","","","","","","","19.60","NA, 44","","","","","","","","","18.00","NA, 44","","","","","","","","","16.80","NA, 44","",""
"080502","8","8.5","8.5.2","SL_TLF_UEM","SD                                                                          Unemployment rate","01020300","Latin America and the Caribbean","False","False","False","Annual","Percent (Units)","Total","15+","Female","Not available","","","","","","","","","","","","","","","","","","","","","16.00","NA, 44, 91","","","","","","","","","11.60","NA, 44, 91","","","","","","","","","10.10","NA, 44, 91","","","","","","","","","8.80","NA, 44, 91","",""
"080502","8","8.5","8.5.2","SL_TLF_UEM","SD                                                                          Unemployment rate","01020300","Latin America and the Caribbean","False","False","False","Annual","Percent (Units)","Total","15+","Male","Not available","","","","","","","","","","","","","","","","","","","","","9.70","NA, 44, 91","","","","","","","","","6.90","NA, 44, 91","","","","","","","","","6.40","NA, 44, 91","","","","","","","","","5.70","NA, 44, 91","",""
"080502","8","8.5","8.5.2","SL_TLF_UEM","SD                                                                          Unemployment rate","01020300","Latin America and the Caribbean","False","False","False","Annual","Percent (Units)","Total","15+","Total","Not available","","","","","","","","","","","","","","","","","","","","","12.00","NA, 5, 44","","","","","","","","","8.70","NA, 6, 44","","","","","","","","","7.80","NA, 7, 44","","","","","","","","","6.90","NA, 8, 44","",""
"080502","8","8.5","8.5.2","SL_TLF_UEM","SD                                                                          Unemployment rate","01020300","Latin America and the Caribbean","False","False","False","Annual","Percent (Units)","Total","25+","Female","Not available","","","","","","","","","","","","","","","","","","","","","11.00","NA, 44","","","","","","","","","8.00","NA, 44","","","","","","","","","7.20","NA, 44","","","","","","","","","6.40","NA, 44","",""
"080502","8","8.5","8.5.2","SL_TLF_UEM","SD                                                                          Unemployment rate","01020300","Latin America and the Caribbean","False","False","False","Annual","Percent (Units)","Total","25+","Male","Not available","","","","","","","","","","","","","","","","","","","","","6.70","NA, 44","","","","","","","","","4.70","NA, 44","","","","","","","","","4.50","NA, 44","","","","","","","","","4.10","NA, 44","",""
"080502","8","8.5","8.5.2","SL_TLF_UEM","SD                                                                          Unemployment rate","01020300","Latin America and the Caribbean","False","False","False","Annual","Percent (Units)","Total","25+","Total","Not available","","","","","","","","","","","","","","","","","","","","","8.30","NA, 44","","","","","","","","","6.00","NA, 44","","","","","","","","","5.60","NA, 44","","","","","","","","","5.00","NA, 44","",""
"080701","8","8.7","8.7.1","SL_TLF_CHD","+                                                                          Proportion of children aged 5-17 years in employment","01020300","Latin America and the Caribbean","False","False","False","Annual","Percent (Units)","Total","5 - 17","Total","Not available","","","","","","","","","","","","","","","","","","","","","","","","","","","","","","","","","","","","","","","","","","","","","12.50","NA, 43","","","","","","","",""
"080701","8","8.7","8.7.1","SL_TLF_CHDHAZ","+                                                                          Proportion of children aged 5-17 years engaged in hazardous work","01020300","Latin America and the Caribbean","False","False","False","Annual","Percent (Units)","Total","5 - 17","Total","Not available","","","","","","","","","","","","","","","","","","","","","","","","","","","","","","","","","","","","","","","","","","","","","6.80","NA, 43","","","","","","","",""
"080701","8","8.7","8.7.1","SL_TLF_CHDHAZN","+                                                                          Number of children aged 5-17 years engaged in hazardous work","01020300","Latin America and the Caribbean","False","False","False","Annual","Number (Thousands)","Total","5 - 17","Total","Not available","","","","","","","","","","","","","","","","","","","","","","","","","","","","","","","","","","","","","","","","","","","","","9,638.00","NA, 43, 88","","","","","","","",""
"080701","8","8.7","8.7.1","SL_TLF_CHDLBR","SD                                                                          Proportion of children aged 5-17 years engaged in labour","01020300","Latin America and the Caribbean","False","False","False","Annual","Percent (Units)","Total","5 - 17","Total","Not available","","","","","","","","","","","","","","","","","","","","","","","","","","","","","","","","","","","","","","","","","","","","","8.80","NA, 43","","","","","","","",""
"080701","8","8.7","8.7.1","SL_TLF_CHDLBRN","SD                                                                          Number of children aged 5-17 years engaged in labour","01020300","Latin America and the Caribbean","False","False","False","Annual","Number (Thousands)","Total","5 - 17","Total","Not available","","","","","","","","","","","","","","","","","","","","","","","","","","","","","","","","","","","","","","","","","","","","","12,505.00","NA, 43, 89","","","","","","","",""
"080701","8","8.7","8.7.1","SL_TLF_CHDN","+                                                                          Number of children aged 5-17 years in employment","01020300","Latin America and the Caribbean","False","False","False","Annual","Number (Thousands)","Total","5 - 17","Total","Not available","","","","","","","","","","","","","","","","","","","","","","","","","","","","","","","","","","","","","","","","","","","","","17,843.00","NA, 43, 90","","","","","","","",""
"080801","8","8.1","8.1.1","NY_GDP_PCAP","SD                                                                          Growth rate of real GDP per capita","01020300","Latin America and the Caribbean","False","False","False","Annual","Percent (Units)","Total","Total","Total","Not available","","","","","","","","","","","","","","","","","","","","","2.80","NA, 22","","","","","","","","","3.00","NA, 22","","","","","","","","","4.40","NA, 22","","","","","","","0.20","NA, 22","","","",""
"081002","8","8.10","8.10.2","FB_BNK_ACCSS","SD                                                                          Proportion of adults (15 years and older) with an account at a bank or other financial institution or with a mobile-money-service provider","01020300","Latin America and the Caribbean","False","False","False","Annual","Percent (Units)","Total","15+","Total","Not available","","","","","","","","","","","","","","","","","","","","","","","","","","","","","","","","","","","","","","","","","","","34.30","NA","","","","","51.90","NA","","","",""
"090102","9","9.1","9.1.2","IS_TRP_FRGHT","SD                                                                          Freight volume, by air transport","01020300","Latin America and the Caribbean","False","False","False","Annual","Metric Tons (Millions)","Total","Total","Total","Not available","","","","","","","","","","","","","","","","","","","","","1 988.0","NA","","","","","","","","","2 230.6","NA","","","","","","","","","1 530.3","NA","","","","","","","1 922.4","NA","","","",""
"090102","9","9.1","9.1.2","IS_TRP_PSSGR","SD                                                                          Passenger volume, by air transport","01020300","Latin America and the Caribbean","False","False","False","Annual","Number (Millions)","Total","Total","Total","Not available","","","","","","","","","","","","","","","","","","","","","97.00","NA, 19","","","","","","","","","107.90","NA, 19","","","","","","","","","176.30","NA, 19","","","","","","","240.20","NA, 19","","","",""
"090401","9","9.4","9.4.1","EN_ATM_CO2","+                                                                          Emissions of carbon dioxide","01020300","Latin America and the Caribbean","False","False","False","Annual","Metric Tons (Units)","Total","Total","Total","Not available","839.53","NA, 13, 56","864.22","NA, 13, 56","881.38","NA, 13, 56","905.74","NA, 13, 56","956.17","NA, 13, 56","980.71","NA, 13, 56","1,041.68","NA, 13, 56","1,109.21","NA, 13, 56","1,151.88","NA, 13, 56","1,140.73","NA, 13, 56","1,186.99","NA, 13, 56","1,192.71","NA, 13, 56","1,194.61","NA, 13, 56","1,217.78","NA, 13, 56","1,278.61","NA, 13, 56","1,320.35","NA, 13, 56","1,354.63","NA, 13, 56","1,398.00","NA, 13, 56","1,464.47","NA, 13, 56","1,435.75","NA, 13, 56","1,528.48","NA, 13, 56","1,573.23","NA, 13, 56","1,636.79","NA, 13, 56","1,657.71","NA, 13, 56","","","","","",""
"090401","9","9.4","9.4.1","EN_ATM_CO2GDP","+                                                                          Emissions of carbon dioxide per unit of GDP (PPP)","01020300","Latin America and the Caribbean","False","False","False","Annual","kg CO2 equivalent per USD1 constant 2005 PPP GDP (Units)","Total","Total","Total","Not available","0.20","NA, 13, 57","0.20","NA, 13, 57","0.20","NA, 13, 57","0.20","NA, 13, 57","0.20","NA, 13, 57","0.20","NA, 13, 57","0.21","NA, 13, 57","0.21","NA, 13, 57","0.21","NA, 13, 57","0.21","NA, 13, 57","0.21","NA, 13, 57","0.21","NA, 13, 57","0.21","NA, 13, 57","0.21","NA, 13, 57","0.21","NA, 13, 57","0.20","NA, 13, 57","0.20","NA, 13, 57","0.19","NA, 13, 57","0.20","NA, 13, 57","0.19","NA, 13, 57","0.20","NA, 13, 57","0.19","NA, 13, 57","0.19","NA, 13, 57","0.19","NA, 13, 57","","","","","",""
"090501","9","9.5","9.5.1","GB_XPD_RSDV","SD                                                                          Research and development (R&D) expenditure as a proportion of GDP","01020300","Latin America and the Caribbean","False","False","False","Annual","Percent (Units)","Total","Total","Total","Not available","","","","","","","","","","","","","","","","","","","","","0.53","NA, 18","","","","","","","","","0.55","NA, 18","","","","","","","","","0.65","NA, 18","","","","","0.67","NA, 18","","","","","",""
"090502","9","9.5","9.5.2","GB_POP_SCIERD","SD                                                                          Researchers (in full-time equivalent) per million inhabitants","01020300","Latin America and the Caribbean","False","False","False","Annual","Per million population (Units)","Total","Total","Total","Not available","","","","","","","","","","","","","","","","","","","","","284.80","NA, 17","","","","","","","","","391.00","NA, 17","","","","","","","","","459.30","NA, 17","","","","","467.90","NA, 17","","","","","",""
"090801","9","9.c","9.c.1","IT_MOB_3GNTWK","SD                                                                          Proportion of population covered by a 3G mobile network","01020300","Latin America and the Caribbean","False","False","False","Annual","Percent (Units)","Total","Total","Total","Not available","","","","","","","","","","","","","","","","","","","","","","","","","","","","","","","","","","","","","","","","","","","","","","","","","87.00","NA","","","",""
"090801","9","9.c","9.c.1","IT_MOB_NETWK","SD                                                                          Proportion of population covered by a mobile network","01020300","Latin America and the Caribbean","False","False","False","Annual","Percent (Units)","Total","Total","Total","Not available","","","","","","","","","","","","","","","","","","","","","","","","","","","","","","","","","","","","","","","","","","","","","","","","","98.50","NA, 20","","","",""
"100401","10","10.4","10.4.1","SL_EMP_GTOTL","SD                                                                          Labour share of GDP, comprising wages and social protection transfers","01020300","Latin America and the Caribbean","False","False","False","Annual","Percent (Units)","Total","Total","Total","Not available","","","","","","","","","","","","","","","","","","","","","50.50","NA, 86","","","","","","","","","48.10","NA, 86","","","","","","","","","50.60","NA, 86","","","","","","","","","52.00","NA, 86","",""
"101001","10","10.c","10.c.1","SI_RMT_COST","SD                                                                          Remittance costs as a proportion of the amount remitted","01020300","Latin America and the Caribbean","False","False","False","Annual","Percent (Units)","Total","Total","Total","Not available","","","","","","","","","","","","","","","","","","","","","","","","","","","","","","","","","","","","","","","","","","","6.90","NA","7.40","NA","6.40","NA","5.60","NA","6.00","NA","",""
"110101","11","11.1","11.1.1","EN_LND_SLUM","+                                                                          Proportion of urban population living in slums","01020300","Latin America and the Caribbean","False","False","False","Annual","Percent (Units)","Total","Total","Total","Not available","33.70","NA, 59","","","","","","","","","","","","","","","","","","","29.20","NA, 59","","","","","","","","","","","","","","","","","","","","","","","","","","","20.50","NA, 59","","","",""
"110601","11","11.6","11.6.2","EN_ATM_PM25","SD                                                                          Annual mean levels of fine particulate matter (PM2.5) in cities (population weighted)","01020300","Latin America and the Caribbean","False","False","False","Annual","Percent (Units)","Total","Total","Total","Not available","","","","","","","","","","","","","","","","","","","","","","","","","","","","","","","","","","","","","","","","","","","","","","","","","19.00","NA, 14, 58","","","",""
"120201","12","12.2","12.2.1","EN_MAT_FTPRPC","SD                                                                          Material footprint per capita","01020300","Latin America and the Caribbean","False","False","False","Annual","Metric Tons (Units)","Total","Total","Total","Not available","","","","","","","","","","","","","","","","","","","","","8.85","NA, 61","","","","","","","","","8.87","NA, 61","","","","","","","","","10.32","NA, 61","","","","","","","","","","","",""
"120201","12","12.2","12.2.1","EN_MAT_FTPRPG","SD                                                                          Material footprint per unit of GDP","01020300","Latin America and the Caribbean","False","False","False","Annual","Kilograms (Units)","Total","Total","Total","Not available","","","","","","","","","","","","","","","","","","","","","9.40","NA, 61","","","","","","","","","9.40","NA, 61","","","","","","","","","10.80","NA, 61","","","","","","","","","","","",""
"120201","12","12.2","12.2.1","EN_MAT_FTPRTN","SD                                                                          Material footprint","01020300","Latin America and the Caribbean","False","False","False","Annual","Metric Tons (Millions)","Total","Total","Total","Not available","","","","","","","","","","","","","","","","","","","","","4 614.3","NA, 62","","","","","","","","","4,943.50","NA, 62","","","","","","","","","6 084.7","NA, 62","","","","","","","","","","","",""
"120202","12","12.2","12.2.2","EN_MAT_DOMCMPC","SD                                                                          Domestic material consumption per capita","01020300","Latin America and the Caribbean","False","False","False","Annual","Metric Tons (Units)","Total","Total","Total","Not available","","","","","","","","","","","","","","","","","","","","","9.70","NA, 60","","","","","","","","","10.20","NA, 60","","","","","","","","","11.60","NA, 60","","","","","","","","","","","",""
"120202","12","12.2","12.2.2","EN_MAT_DOMCMPG","SD                                                                          Domestic material consumption per unit of GDP","01020300","Latin America and the Caribbean","False","False","False","Annual","Kilograms (Units)","Total","Total","Total","Not available","","","","","","","","","","","","","","","","","","","","","2.00","NA, 60","","","","","","","","","2.00","NA, 60","","","","","","","","","2.00","NA, 60","","","","","","","","","","","",""
"120202","12","12.2","12.2.2","EN_MAT_DOMCMPT","SD                                                                          Domestic material consumption","01020300","Latin America and the Caribbean","False","False","False","Annual","Metric Tons (Millions)","Total","Total","Total","Not available","","","","","","","","","","","","","","","","","","","","","5 107.3","NA","","","","","","","","","5 731.2","NA","","","","","","","","","6 878.9","NA","","","","","","","","","","","",""
"120401","12","12.4","12.4.1","SG_HAZ_ALLCNV","+                                                                          Number of countries party to all three conventions on hazardous waste and other chemicals","01020300","Latin America and the Caribbean","False","False","False","Annual","Percent (Units)","Total","Total","Total","Not available","","","","","","","","","","","","","","","","","","","","","","","","","","","","","","","34.40","NA, 71","","","","","","","","","","","","","","","","","","","87.50","NA, 71","",""
"120401","12","12.4","12.4.1","SG_HAZ_ONECNV","+                                                                          Number of countries party to one convention on hazardous waste and other chemicals","01020300","Latin America and the Caribbean","False","False","False","Annual","Percent (Units)","Total","Total","Total","Not available","","","","","","","","","","","","","","","","","","","","","","","","","","","","","","","28.10","NA, 71","","","","","","","","","","","","","","","","","","","0.00","NA, 71","",""
"120401","12","12.4","12.4.1","SG_HAZ_TWOCNV","+                                                                          Number of countries party to two conventions on hazardous waste and other chemicals","01020300","Latin America and the Caribbean","False","False","False","Annual","Percent (Units)","Total","Total","Total","Not available","","","","","","","","","","","","","","","","","","","","","","","","","","","","","","","34.40","NA, 71","","","","","","","","","","","","","","","","","","","9.40","NA, 71","",""
"140501","14","14.5","14.5.1","ER_MRN_MPA","SD                                                                          Coverage of protected areas in relation to marine areas","01020300","Latin America and the Caribbean","False","False","False","Annual","Percent (Units)","Total","Total","Total","Not available","","","","","","","","","","","","","","","","","","","","","1.60","NA, 15, 64","","","","","","","","","","","","","","","","","","","","","","","","","","","3.10","NA, 15, 64","","","",""
"150101","15","15.1","15.1.1","AG_LND_FRST","SD                                                                          Forest area as a proportion of total land area","01020300","Latin America and the Caribbean","False","False","False","Annual","Percent (Units)","Total","Total","Total","Not available","","","","","","","","","","","","","","","","","","","","","49.00","NA, 10","","","","","","","","","47.90","NA, 10","","","","","","","","","47.00","NA, 10","","","","","","","","","46.40","NA, 10","",""
"150101","15","15.1","15.1.2","ER_PTD_FRHWTR","SD                                                                          Proportion of important sites for freshwater biodiversity that are covered by protected areas","01020300","Latin America and the Caribbean","False","False","False","Annual","Percent (Units)","Total","Total","Total","Not available","","","","","","","","","","","","","","","","","","","","","10.70","NA, 15","","","","","","","","","10.70","NA, 15","","","","","","","","","14.50","NA, 15","","","","","","","","","","","16.00","NA, 15"
"150101","15","15.1","15.1.2","ER_PTD_TERR","SD                                                                          Proportion of important sites for terrestrial biodiversity that are covered by protected areas","01020300","Latin America and the Caribbean","False","False","False","Annual","Percent (Units)","Total","Total","Total","Not available","","","","","","","","","","","","","","","","","","","","","13.20","NA, 15, 66","","","","","","","","","14.40","NA, 15, 66","","","","","","","","","15.30","NA, 15, 66","","","","","","","","","","","15.60","NA, 15, 66"
"150401","15","15.4","15.4.1","ER_PTD_MTN","SD                                                                          Coverage by protected areas of important sites for mountain biodiversity","01020300","Latin America and the Caribbean","False","False","False","Annual","Percent (Units)","Total","Total","Total","Not available","","","","","","","","","","","","","","","","","","","","","14.47","NA, 15","","","","","","","","","15.74","NA, 15","","","","","","","","","16.50","NA, 15","","","","","","","","","","","17.01","NA, 15"
"150501","15","15.5","15.5.1","ER_RSK_LST","SD                                                                          Red List Index","01020300","Latin America and the Caribbean","False","False","False","Annual","Not applicable (Units)","Total","Total","Total","Not available","","","","","","","","","","","","","","","","","","","","","0.78","NA, 16, 67","","","","","","","","","0.77","NA, 16, 67","","","","","","","","","0.76","NA, 16, 67","","","","","","","","","","","0.74","NA, 16, 67"
"150501","15","15.5","15.5.1","ER_RSK_LST_LB","SD                                                                          Red List Index (lower bound)","01020300","Latin America and the Caribbean","False","False","False","Annual","Not applicable (Units)","Total","Total","Total","Not available","","","","","","","","","","","","","","","","","","","","","0.77","NA, 16, 67","","","","","","","","","0.76","NA, 16, 67","","","","","","","","","0.75","NA, 16, 67","","","","","","","","","","","0.73","NA, 16, 67"
"150501","15","15.5","15.5.1","ER_RSK_LST_UB","SD                                                                          Red List Index (upper bound)","01020300","Latin America and the Caribbean","False","False","False","Annual","Not applicable (Units)","Total","Total","Total","Not available","","","","","","","","","","","","","","","","","","","","","0.78","NA, 16, 67","","","","","","","","","0.77","NA, 16, 67","","","","","","","","","0.76","NA, 16, 67","","","","","","","","","","","0.75","NA, 16, 67"
"160101","16","16.1","16.1.1","VC_IHR_PSRC","SD                                                                          Number of victims of intentional homicide per 100,000 population","01020300","Latin America and the Caribbean","False","False","False","Annual","Per 100,000 population (Units)","Total","Total","Total","Not available","","","","","","","","","","","","","","","","","","","","","","","","","","","","","","","","","","","","","","","","","","","","","","","","","22.50","NA, 47, 96","","","",""
"160101","16","16.1","16.1.1","VC_IHR_PSRC_LB","SD                                                                          Number of victims of intentional homicide per 100,000 population (lower bound)","01020300","Latin America and the Caribbean","False","False","False","Annual","Per 100,000 population (Units)","Total","Total","Total","Not available","","","","","","","","","","","","","","","","","","","","","","","","","","","","","","","","","","","","","","","","","","","","","","","","","20.71","NA, 47, 96","","","",""
"160101","16","16.1","16.1.1","VC_IHR_PSRC_UB","SD                                                                          Number of victims of intentional homicide per 100,000 population (upper bound)","01020300","Latin America and the Caribbean","False","False","False","Annual","Per 100,000 population (Units)","Total","Total","Total","Not available","","","","","","","","","","","","","","","","","","","","","","","","","","","","","","","","","","","","","","","","","","","","","","","","","28.42","NA, 47, 96","","","",""
"160101","16","16.1","16.1.1","VC_IHR_PSRCN","+                                                                          Number of victims of intentional homicide","01020300","Latin America and the Caribbean","False","False","False","Annual","Number (Units)","Total","Total","Total","Not available","","","","","","","","","","","","","","","","","","","","","","","","","","","","","","","","","","","","","","","","","","","","","","","","","140,879.00","NA, 47, 96","","","",""
"160101","16","16.1","16.1.1","VC_IHR_PSRCN_LB","+                                                                          Number of victims of intentional homicide (lower bound)","01020300","Latin America and the Caribbean","False","False","False","Annual","Number (Units)","Total","Total","Total","Not available","","","","","","","","","","","","","","","","","","","","","","","","","","","","","","","","","","","","","","","","","","","","","","","","","129,721.00","NA, 47, 96","","","",""
"160101","16","16.1","16.1.1","VC_IHR_PSRCN_UB","+                                                                          Number of victims of intentional homicide (upper bound)","01020300","Latin America and the Caribbean","False","False","False","Annual","Number (Units)","Total","Total","Total","Not available","","","","","","","","","","","","","","","","","","","","","","","","","","","","","","","","","","","","","","","","","","","","","","","","","177,972.00","NA, 47, 96","","","",""
"160201","16","16.2","16.2.1","VC_VAW_PHYPYV","+                                                                          Proportion of children aged 1-14 years who experienced any physical punishment and/or psychological aggression by caregivers in the past month","01020300","Latin America and the Caribbean","False","False","False","Annual","Percent (Units)","Total","1 - 14","Total","Not available","","","","","","","","","","","","","","","","","","","","","","","","","","","","","","","","","","","","","","","","","","","","","","","","","","","66.60","NA, 49, 99","",""
"160203","16","16.2","16.2.3","VC_VAW_SXVLN","SD                                                                          Proportion of young women and men aged 18-29 years who experienced sexual violence by age 18","01020300","Latin America and the Caribbean","False","False","False","Annual","Percent (Units)","Total","18 - 29","Female","Not available","","","","","","","","","","","","","","","","","","","","","","","","","","","","","","","","","","","","","","","","","","","","","","","","","3.10","NA, 50","","","",""
"160302","16","16.3","16.3.2","VC_PRS_UNSEC","SD                                                                          Unsentenced detainees as a proportion of overall prison population","01020300","Latin America and the Caribbean","False","False","False","Annual","Percent (Units)","Total","Total","Total","Not available","","","","","","","","","","","","","","","","","","","","","","","","","","","","","","","43.19","NA, 48, 97","","","","","","","","","","","","","","","","","42.67","NA, 48, 98","","","",""
"160502","16","16.5","16.5.2","IC_FRM_BRIB","+                                                                          Proportion of firms experiencing at least one bribe payment request","01020300","Latin America and the Caribbean","False","False","False","Annual","Percent (Units)","Total","Total","Total","Not available","","","","","","","","","","","","","","","","","","","","","","","","","","","","","","","","","","","","","","","","","","","","","","","","","","","9.50","NA, 11, 69","",""
"161101","16","16.a","16.a.1","SG_NHR_IMPL","SD                                                                          Proportion of countries with independent National Human Rights Institutions in compliance with the Paris Principles","01020300","Latin America and the Caribbean","False","False","False","Annual","Percent (Units)","Total","Total","Total","Not available","","","","","","","","","","","","","","","","","","","","","23.50","NA, 23","","","","","","","","","32.40","NA, 23","","","","","","","","","41.20","NA, 23","","","","","","","","","41.20","NA, 23, 72","",""
"161101","16","16.a","16.a.1","SG_NHR_INTEXST","+                                                                          Proportion of countries that applied for accreditation as independent National Human Rights Institutions in compliance with the Paris Principles","01020300","Latin America and the Caribbean","False","False","False","Annual","Percent (Units)","Total","Total","Total","Not available","","","","","","","","","","","","","","","","","","","","","26.50","NA, 23","","","","","","","","","41.20","NA, 23","","","","","","","","","50.00","NA, 23","","","","","","","","","52.90","NA, 23, 72","",""
"170302","17","17.3","17.3.2","BX_TRF_PWKR","SD                                                                          Volume of remittances (in United States dollars) as a proportion of total GDP","01020300","Latin America and the Caribbean","False","False","False","Annual","Percent (Units)","Total","Total","Total","Not available","","","","","","","","","","","","","","","","","","","","","1.00","NA, 11, 53","","","","","","","","","1.80","NA, 11, 53","","","","","","","","","1.10","NA, 11, 53","","","1.10","NA, 11, 53","","","","","","","",""
"170401","17","17.4","17.4.1","DT_TDS_DECT","SD                                                                          Debt service as a proportion of exports of goods and services","01020300","Latin America and the Caribbean","False","False","False","Annual","Percent (Units)","Total","Total","Total","Not available","","","","","","","","","","","","","","","","","","","","","19.80","NA, 11, 53","","","","","","","","","17.00","NA, 11, 53","","","","","","","","","6.50","NA, 11, 53","","","6.50","NA, 11, 53","","","","","","","",""
"170602","17","17.6","17.6.2","IT_NET_BBND","SD                                                                          Fixed Internet broadband Subscriptions per 100 inhabitants","01020300","Latin America and the Caribbean","False","False","False","Annual","Percent (Units)","Total","Total","Total","Not available","","","","","","","","","","","","","","","","","","","","","","","","","","","","","","","","","","","","","","","","","6.30","NA, 21","","","","","","","9.80","NA, 21","","","",""
"170801","17","17.8","17.8.1","IT_USE_ii99","SD                                                                          Proportion of individuals using the Internet","01020300","Latin America and the Caribbean","False","False","False","Annual","Percent (Units)","Total","Total","Total","Not available","","","","","","","","","","","","","","","","","","","","","3.90","NA, 21","","","","","","","","","16.60","NA, 21","","","","","","","","","34.70","NA, 21","","","","","","","48.60","NA, 21","","","",""
"171001","17","17.10","17.10.1","TM_TAX_ARMWMFN","SD                                                                          Worldwide weighted tariff-average of arms, under the most-favoured-nation status","01020300","Latin America and the Caribbean","False","False","False","Annual","Percent (Units)","Total","Total","Total","Not available","","","","","","","","","","","","","","","","","","","","","","","","","","","","","","","17.06","NA, 46","","","","","","","","","15.77","NA, 46","","","","","","","","","11.79","NA, 46","",""
"171001","17","17.10","17.10.1","TM_TAX_ARMWMPS","SD                                                                          Worldwide weighted tariff-average of arms, under the preferential status","01020300","Latin America and the Caribbean","False","False","False","Annual","Percent (Units)","Total","Total","Total","Not available","","","","","","","","","","","","","","","","","","","","","","","","","","","","","","","13.85","NA, 46","","","","","","","","","13.01","NA, 46","","","","","","","","","7.89","NA, 46","",""
"171001","17","17.10","17.10.1","TM_TAX_CLHWMFN","SD                                                                          Worldwide weighted tariff-average of clothing, under the most-favoured-nation status","01020300","Latin America and the Caribbean","False","False","False","Annual","Percent (Units)","Total","Total","Total","Not available","","","","","","","","","","","","","","","","","","","","","","","","","","","","","","","23.34","NA, 46","","","","","","","","","22.49","NA, 46","","","","","","","","","20.97","NA, 46","",""
"171001","17","17.10","17.10.1","TM_TAX_CLHWMPS","SD                                                                          Worldwide weighted tariff-average of clothing, under the preferential status","01020300","Latin America and the Caribbean","False","False","False","Annual","Percent (Units)","Total","Total","Total","Not available","","","","","","","","","","","","","","","","","","","","","","","","","","","","","","","12.82","NA, 46","","","","","","","","","17.16","NA, 46","","","","","","","","","15.97","NA, 46","",""
"171001","17","17.10","17.10.1","TM_TAX_INDWMFN","SD                                                                          Worldwide weighted tariff-average of industrial products, under the most-favoured-nation status","01020300","Latin America and the Caribbean","False","False","False","Annual","Percent (Units)","Total","Total","Total","Not available","","","","","","","","","","","","","","","","","","","","","","","","","","","","","","","9.94","NA, 46","","","","","","","","","9.77","NA, 46","","","","","","","","","6.15","NA, 46","",""
"171001","17","17.10","17.10.1","TM_TAX_INDWMPS","SD                                                                          Worldwide weighted tariff-average of industrial products, under the preferential status","01020300","Latin America and the Caribbean","False","False","False","Annual","Percent (Units)","Total","Total","Total","Not available","","","","","","","","","","","","","","","","","","","","","","","","","","","","","","","4.89","NA, 46","","","","","","","","","4.97","NA, 46","","","","","","","","","3.69","NA, 46","",""
"171001","17","17.10","17.10.1","TM_TAX_MAGRWMFN","SD                                                                          Worldwide weighted tariff-average of agriculture products, under the most-favoured-nation status","01020300","Latin America and the Caribbean","False","False","False","Annual","Percent (Units)","Total","Total","Total","Not available","","","","","","","","","","","","","","","","","","","","","","","","","","","","","","","20.91","NA, 46","","","","","","","","","21.66","NA, 46","","","","","","","","","16.40","NA, 46","",""
"171001","17","17.10","17.10.1","TM_TAX_MAGRWMPS","SD                                                                          Worldwide weighted tariff-average of agriculture products, under the preferential status","01020300","Latin America and the Caribbean","False","False","False","Annual","Percent (Units)","Total","Total","Total","Not available","","","","","","","","","","","","","","","","","","","","","","","","","","","","","","","6.14","NA, 46","","","","","","","","","5.60","NA, 46","","","","","","","","","5.46","NA, 46","",""
"171001","17","17.10","17.10.1","TM_TAX_MRCHWMFN","SD                                                                          Worldwide weighted tariff-average of all products, under the most-favoured-nation status","01020300","Latin America and the Caribbean","False","False","False","Annual","Percent (Units)","Total","Total","Total","Not available","","","","","","","","","","","","","","","","","","","","","","","","","","","","","","","10.81","NA, 46","","","","","","","","","10.76","NA, 46","","","","","","","","","7.30","NA, 46","",""
"171001","17","17.10","17.10.1","TM_TAX_MRCHWMPS","SD                                                                          Worldwide weighted tariff-average of all products, under the preferential status","01020300","Latin America and the Caribbean","False","False","False","Annual","Percent (Units)","Total","Total","Total","Not available","","","","","","","","","","","","","","","","","","","","","","","","","","","","","","","5.02","NA, 46","","","","","","","","","5.15","NA, 46","","","","","","","","","4.07","NA, 46","",""
"171001","17","17.10","17.10.1","TM_TAX_OILWMFN","SD                                                                          Worldwide weighted tariff-average of oil, under the most-favoured-nation status","01020300","Latin America and the Caribbean","False","False","False","Annual","Percent (Units)","Total","Total","Total","Not available","","","","","","","","","","","","","","","","","","","","","","","","","","","","","","","2.66","NA, 46","","","","","","","","","1.25","NA, 46","","","","","","","","","1.24","NA, 46","",""
"171001","17","17.10","17.10.1","TM_TAX_OILWMPS","SD                                                                          Worldwide weighted tariff-average of oil, under the preferential status","01020300","Latin America and the Caribbean","False","False","False","Annual","Percent (Units)","Total","Total","Total","Not available","","","","","","","","","","","","","","","","","","","","","","","","","","","","","","","1.11","NA, 46","","","","","","","","","0.11","NA, 46","","","","","","","","","0.00","NA, 46","",""
"171001","17","17.10","17.10.1","TM_TAX_TXLWMFN","SD                                                                          Worldwide weighted tariff-average of textiles, under the most-favoured-nation status","01020300","Latin America and the Caribbean","False","False","False","Annual","Percent (Units)","Total","Total","Total","Not available","","","","","","","","","","","","","","","","","","","","","","","","","","","","","","","14.11","NA, 46","","","","","","","","","15.61","NA, 46","","","","","","","","","12.15","NA, 46","",""
"171001","17","17.10","17.10.1","TM_TAX_TXLWMPS","SD                                                                          Worldwide weighted tariff-average of textiles, under the preferential status","01020300","Latin America and the Caribbean","False","False","False","Annual","Percent (Units)","Total","Total","Total","Not available","","","","","","","","","","","","","","","","","","","","","","","","","","","","","","","6.87","NA, 46","","","","","","","","","9.97","NA, 46","","","","","","","","","8.40","NA, 46","",""
"171803","17","17.18","17.18.3","SG_STT_NSDS","SD                                                                          Number of countries with a national statistical plan that is fully funded and under implementation","01020300","Latin America and the Caribbean","False","False","False","Annual","Number (Units)","Total","Total","Total","Not available","","","","","","","","","","","","","","","","","","","","","","","","","","","","","","","","","","","","","","","","","8.00","NA, 26, 76","","","","","","","","","3.00","NA, 26, 76","",""
"171901","17","17.19","17.19.1","SG_STT_CAPTY","SD                                                                          Dollar value of all resources made available to strengthen statistical capacity in developing countries","01020300","Latin America and the Caribbean","False","False","False","Annual","USD (Units)","Total","Total","Total","Not available","","","","","","","","","","","","","","","","","","","","","","","","","","","","","","","","","","","","","","","","","102,502,859.00","NA, 25, 75","","","","","7,872,156.00","NA, 25, 75","","","","","",""
"171902","17","17.19","17.19.2","SG_REG_CENSUS","SD                                                                          Proportion of countries that have conducted at least one population and housing census in the last 10 years","01020300","Latin America and the Caribbean","False","False","False","Annual","Percent (Units)","Total","Total","Total","Not available","","","","","","","","","","","","","","","","","","","","","","","","","","","","","","","","","","","","","","","","","","","","","","","","","","","91.00","NA, 24, 73","",""
"171902","17","17.19","17.19.2","SG_REG_CENSUSN","+                                                                          Number of countries that have conducted at least one population and housing census in the last 10 years","01020300","Latin America and the Caribbean","False","False","False","Annual","Number (Units)","Total","Total","Total","Not available","","","","","","","","","","","","","","","","","","","","","","","","","","","","","","","","","4.00","NA, 24, 74","2.00","NA, 24, 74","","","","","15.00","NA, 24, 74","12.00","NA, 24, 74","8.00","NA, 24, 74","1.00","NA, 24, 74","","","","","",""